16000001	CH001	Ruetlischwur AG	01012017	CH	28.6	26.48
ATC-ES01114-000002	ES007	Server Sistemas	07032018	ES	5021.5	4150
ATC-ES01212-000001	ES002	Bike Norte	07032016	ES	2234.21	1893.4
ATC-ES01213-000001	ES002	Bike Norte	07032017	ES	2291.01	1893.4
ATC-ES01214-000001	ES002	Bike Norte	07032018	ES	2291.01	1893.4
ATC-ES01214-000005	ES002	Bike Norte	10042017	ES	399856.6	330460
ATC-ES02314-000001	ES010	Químicas Dintel	26032017	ES	0.54	0.45
BE0211501BEAVC000001	BE004	Technieks bvba	28012017	BE	1089	900
BE0211501BEFAC000003	BE001	BE Concept	27012017	BE	2323.4	2000
BE0211501BEFAC000004	BE001	BE Concept	27012017	BE	2323.4	2000
BE0211501BEFAC000005	BE001	BE Concept	27012017	BE	2323.4	2000
BE0211501BEFAC000006	BE001	BE Concept	27012017	BE	2323.4	2000
BE0211501BEFAC000007	BE002	Transport bvba	28012017	BE	2420	2000
BE0211501BEFAC000008	BE003	kreglinger	28012017	BE	121	100
BE0211501BEFAC000009	BE004	Technieks bvba	28012017	BE	1210	1000
BE0211501BEFAC000010	BE005	Vervoer Bvba	28012017	BE	500	500
BE0211501BEFAC000011	DE004	Software Services	28012017	DE	200	200
BE0211501BEFAC000012	NA001	International Distributors	28012017	US	800	800
BE0211501BEFAC000013	FR004	Micro Systems	28012017	FR	1915	1915
BE0211501BEFAC000014	FR004	Micro Systems	28012017	FR	1500	1500
BE0211501BEFAC000015	DE004	Software Services	28012017	DE	200	200
BE0211501BEFAC000016	PT005	Supermercados Rosa Fresca	28012017	PT	300	300
DCFPT03115/00000001	PT002	Bikes do Barreiro	16072017	PT	474.78	386
DCFPT03115/00000002	PT002	Bikes do Barreiro	17072017	PT	659.28	536
DCFPT03115/00000003	PT003	Farmácia de Matosinhos	20072017	PT	659.28	536
DCFPT03115/00000006	PT003	Farmácia de Matosinhos	26082017	PT	565.8	460
DCFPT03215/00000001	PT001	As Bicicletas do Norte	26082017	PT	90581.51	73643.5
DCFPT03215/00000002	PT001	As Bicicletas do Norte	31082017	PT	68.06	55.33
DCFPT03215/00000003	PT001	As Bicicletas do Norte	31082017	PT	68.06	55.33
DCFPT03215/00000004	PT001	As Bicicletas do Norte	31082017	PT	84253.77	68499
DIR000018	PT003	Farmácia de Matosinhos	05052017	PT	22000	22000
DIR000019	NA002	Amalgamate Supply	06122017	US	5450	5450
DIRNA01112-000086	NA001	International Distributors	01122017	US	60	60
DIRNA01211-000085	NA003	Fun Times Stores	28012016	US	165047.5	165047.5
DIRNA01211-000086	NA004	Leisure Sports Inc	27012016	US	211965.3	211965.3
DIRNA01211-000087	NA003	Fun Times Stores	28042016	US	223507.8	223507.8
FAC-ES01111-000001	FR004	Micro Systems	20112016	FR	120	120
FAC-ES01112-000001	FR004	Micro Systems	31122017	FR	42.36	42.36
FAC-ES01112-000002	ES001	Alcampo	21022017	ES	1062	900
FAC-ES01112-000003	FR004	Micro Systems	20022017	FR	2485	2485
FAC-ES01112-000004	ES001	Alcampo	21032017	ES	15518.4	12720
FAC-ES01112-000007	ES001	Alcampo	31032017	ES	1742.4	1440
FAC-ES01112-000010	ES007	Server Sistemas	07012016	ES	2832	2400
FAC-ES01112-000011	ES007	Server Sistemas	07022016	ES	271.4	230
FAC-ES01112-000012	ES008	Comunicación	07032016	ES	849.6	720
FAC-ES01112-000013	ES011	Productos Tecnológicos SA	07042016	ES	30119.5	25525
FAC-ES01112-000014	ES007	Server Sistemas	01052016	ES	3363	2850
FAC-ES01112-000015	ES007	Server Sistemas	07062016	ES	826	700
FAC-ES01112-000016	ES008	Comunicación	07072016	ES	1557.6	1320
FAC-ES01112-000017	ES007	Server Sistemas	07082016	ES	153.4	130
FAC-ES01112-000018	ES008	Comunicación	07092016	ES	8107	6700
FAC-ES01112-000019	ES008	Comunicación	03102016	ES	750.2	620
FAC-ES01112-000020	ES008	Comunicación	11112016	ES	1089	900
FAC-ES01112-000021	ES007	Server Sistemas	10122016	ES	992.2	820
FAC-ES01113-000018	ES008	Comunicación	10122017	ES	1210	1000
FAC-ES01113-000019	ES008	Comunicación	01012017	ES	5360.3	4430
FAC-ES01113-000020	ES008	Comunicación	10022017	ES	3049.2	2520
FAC-ES01113-000021	ES007	Server Sistemas	07042017	ES	5021.5	4150
FAC-ES01113-000022	ES007	Server Sistemas	07052017	ES	31199.85	25785
FAC-ES01113-000023	ES007	Server Sistemas	07062017	ES	309.76	256
FAC-ES01113-000024	ES008	Comunicación	10072017	ES	484	400
FAC-ES01113-000025	ES008	Comunicación	01082017	ES	217.8	180
FAC-ES01113-000026	ES007	Server Sistemas	01092017	ES	2686.2	2220
FAC-ES01113-000027	ES008	Comunicación	10102017	ES	1210	1000
FAC-ES01113-000028	ES001	Alcampo	20112017	ES	1742.4	1440
FAC-ES01113-000029	FR004	Micro Systems	10122017	FR	2295	2295
FAC-ES01114-000001	ES010	Químicas Dintel	21022018	ES	88.5	75
FAC-ES01114-000004	ES008	Comunicación	07032018	ES	484	400
FAC-ES01114-000007	ES007	Server Sistemas	07032018	ES	5021.5	4150
FAC-ES01114-000010	ES008	Comunicación	07042018	ES	677.6	560
FAC-ES01114-000013	ES007	Server Sistemas	12072018	ES	992.2	820
FAC-ES01114-000016	ES008	Comunicación	14102018	ES	8107	6700
FAC-ES01114-000020	ES007	Server Sistemas	07042018	ES	3448.5	2850
FAC-ES01114-000022	ES008	Comunicación	01082018	ES	871.2	720
FAC-ES01114-000024	ES007	Server Sistemas	05052018	ES	2904	2400
FAC-ES01114-000059	ES002	Bike Norte	15052017	ES	388361.6	320960
FAC-ES01114-000060	ES007	Server Sistemas	12022017	ES	417571	345100
FAC-ES01114-000061	ES007	Server Sistemas	20032017	ES	417571	345100
FAC-ES01114-000062	ES008	Comunicación	09042017	ES	2758921	2280100
FAC-ES01114-000063	ES002	Bike Norte	23052017	ES	300583.36	248416
FAC-ES01114-000077	ES008	Comunicación	10042017	ES	1173821	970100
FAC-ES01115-000005	ES001	Alcampo	24092017	ES	958.32	792
FAC-ES01212-000022	ES002	Bike Norte	01012016	ES	2510.25	2127.33
FAC-ES01212-000023	ES002	Bike Norte	07022016	ES	2124.12	1800.1
FAC-ES01212-000024	ES001	BH	07032016	ES	2633.05	2231.4
FAC-ES01212-000025	ES001	BH	07042016	ES	308.33	261.3
FAC-ES01212-000026	ES001	BH	07052016	ES	2633.05	2231.4
FAC-ES01212-000027	ES001	BH	01062016	ES	308.33	261.3
FAC-ES01212-000028	ES001	BH	07072016	ES	879.1	745
FAC-ES01212-000029	ES002	Bike Norte	07082016	ES	4993.64	4231.9
FAC-ES01212-000030	ES002	Bike Norte	07092016	ES	494.53	408.7
FAC-ES01212-000031	ES001	BH	10102016	ES	243.69	201.4
FAC-ES01212-000032	ES001	BH	07112016	ES	431.73	356.8
FAC-ES01212-000033	ES002	Bike Norte	02122016	ES	494.53	408.7
FAC-ES01213-000030	ES002	Bike Norte	07012017	ES	5522.13	4563.74
FAC-ES01213-000031	ES001	BH	07022017	ES	730.3	603.55
FAC-ES01213-000032	ES001	BH	07042017	ES	1899.1	1569.5
FAC-ES01213-000033	ES001	BH	07052017	ES	495.19	409.25
FAC-ES01213-000034	ES002	Bike Norte	07062017	ES	168.8	139.5
FAC-ES01213-000035	ES001	BH	01072017	ES	1704.77	1408.9
FAC-ES01213-000036	ES002	Bike Norte	07082017	ES	3163.67	2614.6
FAC-ES01213-000037	ES001	BH	10102017	ES	1005.75	831.2
FAC-ES01213-000038	ES001	BH	04112017	ES	1899.1	1569.5
FAC-ES01213-000039	ES001	BH	20122017	ES	4870.55	4025.25
FAC-ES01214-000025	ES002	Bike Norte	27022018	ES	2291.01	1893.4
FAC-ES01214-000027	ES002	Bike Norte	07042018	ES	3163.67	2614.6
FAC-ES01214-000030	ES002	Bike Norte	07072018	ES	4439.97	3669.4
FAC-ES01214-000038	ES002	Bike Norte	07122018	ES	240.49	198.75
FAC-ES01214-000044	ES002	Bike Norte	20072018	ES	5522.13	4563.74
FAC-ES01214-000045	ES002	Bike Norte	07032018	ES	494.53	408.7
FAC-ES01214-000047	ES001	BH	07032016	ES	243.69	201.4
FAC-ES01214-000049	ES002	Bike Norte	07032018	ES	5120.6	4231.9
FAC-ES01214-000053	ES002	Bike Norte	07032018	ES	2178.12	1800.1
FAC-ES01214-000054	ES002	Bike Norte	07032018	ES	2574.07	2127.33
FAC-ES01214-000055	ES001	BH	20112016	ES	243.69	201.4
FAC-ES01214-000058	ES001	BH	09042017	ES	2881.31	2381.25
FAC-ES01214-000064	ES001	BH	03062017	ES	1397671	1155100
FAC-ES01214-000065	ES001	BH	22102017	ES	991111	819100
FAC-ES01214-000074	ES001	BH	13082017	ES	991111	819100
FAC-ES01214-000075	ES002	Bike Norte	10042017	ES	1284871.22	1061877.04
FAC-ES01214-000076	ES002	Bike Norte	10042017	ES	5120.6	4231.9
FAC-ES01214-000079	ES001	BH	22072017	ES	991111	819100
FAC-ES01215-000006	ES002	Bike Norte	10112016	ES	3796.4	3137.52
FAC-ES02114-000002	ES010	Químicas Dintel	21022018	ES	472	400
FAC-ES02114-000008	ES006	Alcampo	28022017	ES	162.5	134.3
FAC-ES02314-000003	ES010	Químicas Dintel	25032017	ES	23562.81	19473.4
FAC-ES02314-000005	ES009	Industrias Químicas	25032017	ES	1064.8	880
FAC-ES02314-000006	ES010	Químicas Dintel	25032017	ES	8586.1	7095.95
FCL-AO01112/00000001	AO008	Angola Industrial	04012016	AO	258747.04	241692
FCL-AO01112/00000002	AO006	Distribuidora do Caxito	30012016	AO	284179.5	258345
FCL-AO01112/00000003	AO003	Farmácia Saude e Higiene	06022016	AO	92802.6	84366
FCL-AO01112/00000004	AO005	Supermercados do Marçal	02032016	AO	72520.8	65928
FCL-AO01112/00000005	AO005	Supermercados do Marçal	03042016	AO	72520.8	65928
FCL-AO01112/00000006	AO006	Distribuidora do Caxito	03052016	AO	72520.8	65928
FCL-AO01112/00000007	AO006	Distribuidora do Caxito	04062016	AO	72520.8	65928
FCL-AO01112/00000008	AO008	Angola Industrial	04072016	AO	72520.8	65928
FCL-AO01112/00000009	AO002	Ciclo Belas	03082016	AO	72520.8	65928
FCL-AO01112/00000010	AO002	Ciclo Belas	05092016	AO	52225.8	47478
FCL-AO01112/00000011	AO003	Farmácia Saude e Higiene	04102016	AO	62238	56580
FCL-AO01112/00000012	AO006	Distribuidora do Caxito	06112016	AO	63049.8	57318
FCL-AO01112/00000013	AO005	Supermercados do Marçal	04122016	AO	61967.4	56334
FCL-AO01113/00000001	AO006	Distribuidora do Caxito	23012017	AO	64692.1	58811
FCL-AO01113/00000002	AO006	Distribuidora do Caxito	25022017	AO	30539.3	27763
FCL-AO01113/00000003	AO005	Supermercados do Marçal	06032017	AO	46366.1	42151
FCL-AO01113/00000004	AO005	Supermercados do Marçal	16042017	AO	82464.8	74968
FCL-AO01113/00000005	AO003	Farmácia Saude e Higiene	14052017	AO	51370	46700
FCL-AO01113/00000006	AO008	Angola Industrial	18062017	AO	594864.6	540786
FCL-AO01113/00000007	AO005	Supermercados do Marçal	11072017	AO	141603	128730
FCL-AO01113/00000008	AO006	Distribuidora do Caxito	13082017	AO	64704.2	58822
FCL-AO01113/00000009	AO008	Angola Industrial	12092017	AO	554072.2	503702
FCL-AO01113/00000010	AO002	Ciclo Belas	22102017	AO	53589.8	48718
FCL-AO01113/00000011	AO002	Ciclo Belas	18112017	AO	74426	67660
FCL-AO01113/00000012	AO008	Angola Industrial	11122017	AO	832458	756780
FCL-AO01115/00000001	AO006	Distribuidora do Caxito	20012018	AO	177177	161070
FCL-AO01116/00000001	AO021	Agro Alimentar do Namibe	04012018	AO	64966	59060
FCL-AO01212/00000001	AO001	Luanda BTT	31012016	AO	10715375	9741250
FCL-AO01212/00000002	AO002	Ciclo Belas	29022016	AO	11298320	10271200
FCL-AO01212/00000003	AO001	Luanda BTT	30032016	AO	10715375	9741250
FCL-AO01212/00000004	AO002	Ciclo Belas	30042016	AO	11298320	10271200
FCL-AO01212/00000005	AO002	Ciclo Belas	30052016	AO	9549485	8681350
FCL-AO01212/00000006	AO001	Luanda BTT	29062016	AO	10715375	9741250
FCL-AO01212/00000007	AO001	Luanda BTT	30072016	AO	10715375	9741250
FCL-AO01212/00000008	AO002	Ciclo Belas	29082016	AO	4869095	4426450
FCL-AO01212/00000009	AO001	Luanda BTT	28092016	AO	10715375	9741250
FCL-AO01212/00000010	AO001	Luanda BTT	31102016	AO	10715375	9741250
FCL-AO01212/00000011	AO002	Ciclo Belas	30112016	AO	11881265	10801150
FCL-AO01212/00000012	AO001	Luanda BTT	28122016	AO	10715375	9741250
FCL-AO01213/00000001	AO001	Luanda BTT	30012017	AO	10715375	9741250
FCL-AO01213/00000002	AO002	Ciclo Belas	28022017	AO	11881265	10801150
FCL-AO01213/00000003	AO001	Luanda BTT	29032017	AO	10715375	9741250
FCL-AO01213/00000004	AO001	Luanda BTT	30042017	AO	10715375	9741250
FCL-AO01213/00000005	AO001	Luanda BTT	31052017	AO	10715375	9741250
FCL-AO01213/00000006	AO001	Luanda BTT	31072017	AO	10715375	9741250
FCL-AO01213/00000007	AO002	Ciclo Belas	31072017	AO	9549485	8681350
FCL-AO01213/00000008	AO002	Ciclo Belas	30082017	AO	4869095	4426450
FCL-AO01213/00000009	AO002	Ciclo Belas	30092017	AO	11298320	10271200
FCL-AO01213/00000010	AO001	Luanda BTT	31102017	AO	10715375	9741250
FCL-AO01213/00000011	AO002	Ciclo Belas	29112017	AO	11298320	10271200
FCL-AO01213/00000012	AO001	Luanda BTT	16122017	AO	10715375	9741250
FCL-AO02113/00000001	AO005	Supermercados do Marçal	30012017	AO	4233000	4150000
FCL-AO02113/00000002	AO005	Supermercados do Marçal	28022017	AO	4233000	4150000
FCL-AO02113/00000003	AO005	Supermercados do Marçal	30032017	AO	4233000	4150000
FCL-AO02113/00000004	AO005	Supermercados do Marçal	30042017	AO	4233000	4150000
FCL-AO02113/00000005	AO005	Supermercados do Marçal	30052017	AO	4233000	4150000
FCL-AO02113/00000006	AO005	Supermercados do Marçal	28062017	AO	4233000	4150000
FCL-AO02113/00000007	AO005	Supermercados do Marçal	30072017	AO	4233000	4150000
FCL-AO02113/00000008	AO005	Supermercados do Marçal	30082017	AO	4233000	4150000
FCL-AO02113/00000009	AO005	Supermercados do Marçal	30092017	AO	4233000	4150000
FCL-AO02113/00000010	AO005	Supermercados do Marçal	30102017	AO	4233000	4150000
FCL-AO02212/00000001	AO004	Distribuição Angola Farma	30012016	AO	1129599	1107450
FCL-AO02212/00000002	AO004	Distribuição Angola Farma	29022016	AO	1129599	1107450
FCL-AO02212/00000003	AO004	Distribuição Angola Farma	30032016	AO	753066	738300
FCL-AO02212/00000004	AO004	Distribuição Angola Farma	30042016	AO	753066	738300
FCL-AO02212/00000005	AO004	Distribuição Angola Farma	30052016	AO	753066	738300
FCL-AO02212/00000006	AO004	Distribuição Angola Farma	01102016	AO	1129599	1107450
FCL-AO02212/00000007	AO004	Distribuição Angola Farma	30102016	AO	1129599	1107450
FCL-AO02212/00000008	AO004	Distribuição Angola Farma	30112016	AO	1129599	1107450
FCL-AO02313/00000001	AO006	Distribuidora do Caxito	29032017	AO	2363350	2148500
FCL-AO02313/00000002	AO006	Distribuidora do Caxito	29062017	AO	869000	790000
FCL-AO02313/00000003	AO008	Angola Industrial	30092017	AO	2363130	2148300
FCL-AO02313/00000004	AO006	Distribuidora do Caxito	29112017	AO	1494350	1358500
FR0110101FACLI000001	FR003	Cybertek	12012016	FR	2789.13	2332.05
FR0110101FACLI000008	FR004	Micro Systems	01012016	FR	1200	1000
FR0110102FACLI000001	FR004	Micro Systems	24022016	FR	2693.69	2252.25
FR0110103FACLI000001	FR003	Cybertek	25032016	FR	4570.69	3821.65
FR0110104FACLI000001	FR004	Micro Systems	22042016	FR	4444.58	3716.2
FR0110105FACLI000001	FR003	Cybertek	20052016	FR	4764.98	3984.1
FR0110106FACLI000001	FR004	Micro Systems	24062016	FR	5226.28	4369.8
FR0110107FACLI000001	FR003	Cybertek	22072016	FR	2685.74	2245.6
FR0110108FACLI000001	FR004	Micro Systems	26082016	FR	2305.11	1927.35
FR0110109FACLI000001	FR003	Cybertek	23092016	FR	6882.86	5754.9
FR0110110FACLI000001	FR004	Micro Systems	21102016	FR	7133.96	5964.85
FR0110111FACLI000001	FR003	Cybertek	25112016	FR	6161.37	5151.65
FR0110112FACLI000001	FR004	Micro Systems	23122016	FR	5743.25	4802.05
FR0110202AVCLI000001	FR001	Urban Cycle	25022017	FR	89.63	74.94
FR0110204FACLI000001	FR004	Micro Systems	04042017	FR	5094.96	4260
FR0110204FACLI000002	FR004	Micro Systems	18042017	FR	2527415.31	2113223.5
FR0110204FACLI000003	FR004	Micro Systems	18042017	FR	666172	557000
FR0110205FACLI000001	FR003	Cybertek	03052017	FR	188.37	157.5
FR0110205FACLI000002	FR003	Cybertek	30052017	FR	188.37	157.5
FR0110207FACLI000001	FR003	Cybertek	28072017	FR	360	300
FR0110207FACLI000002	FR003	Cybertek	28072017	FR	1470.24	1225.2
FR0110207FACLI000003	FR001	Urban Cycle	29072017	FR	52.73	47.9
FR0110209FACLI000004	FR004	Micro Systems	24092017	FR	1614	1345
FR0110210FACLI000012	FR001	Urban Cycle	26102017	FR	17118	14265
FR0110212FACLI000002	FR010	DMI	02122017	FR	6345	5287.5
FR0110311FACLI000001	FR004	Micro Systems	19112018	FR	4199.16	3511
FR0120111FACLI000001	FR002	Vélo Attitudes	26112016	FR	3323.2	2769.33
FR0120111FACLI000002	FR002	Vélo Attitudes	30112016	FR	3323.2	2769.33
FR0120201FACLI000001	FR001	Urban Cycle	25012017	FR	4116.3	3430.25
FR0120202FACLI000001	FR001	Urban Cycle	10022017	FR	6899.74	5769.01
FR0120207AVCLI000001	FR001	Urban Cycle	29072017	FR	8539.44	7140
FR0120207AVCLI000002	FR001	Urban Cycle	29072017	FR	8539.44	7140
FR0120207AVCLI000003	FR001	Urban Cycle	29072017	FR	8539.44	7140
FR0120207AVCLI000004	FR001	Urban Cycle	29072017	FR	8539.44	7140
FR0130201FACLI000001	FR001	Urban Cycle	28012017	FR	36.59	30.49
FR0130211FACLI000001	FR009	Pharmatex	17112017	FR	5207.28	4339.4
FR0131701INVBC000001	FR009	Pharmatex	10012017	FR	6231	5192.5
FR0220204FACLI000001	FR005	Agrolim	15042017	FR	797.37	666.7
FR0220204FACLI000002	FR005	Agrolim	15042017	FR	407.66	340.85
FR0220204FACLI000003	FR005	Agrolim	15042017	FR	523.02	437.31
FR0220204FACLI000004	FR005	Agrolim	15042017	FR	894.8	748.16
FR0220204FACLI000005	FR005	Agrolim	15042017	FR	1187.09	992.55
FR0220204FACLI000006	FR005	Agrolim	15042017	FR	446.62	373.43
FR0220204FACLI000007	FR006	Kruteneau	15042017	FR	1576.81	1318.4
FR0220204FACLI000008	FR006	Kruteneau	15042017	FR	1381.94	1155.47
FR0220204FACLI000009	FR006	Kruteneau	15042017	FR	1187.09	992.55
FR0220204FACLI000010	FR006	Kruteneau	15042017	FR	602.51	503.77
FR0220204FACLI000011	FR005	Agrolim	16042017	FR	48750.46	40761.25
FR0220204FACLI000012	FR009	Pharmatex	17042017	FR	642.85	537.5
FR0220204FACLI000013	FR006	Kruteneau	17042017	FR	3915.11	3273.5
FR0220204FACLI000014	FR006	Kruteneau	17042017	FR	2551.09	2133.02
FR0220204FACLI000015	FR006	Kruteneau	17042017	FR	2745.96	2295.95
FR0220204FACLI000016	FR009	Pharmatex	17042017	FR	1892.67	1582.5
FR0220204FACLI000017	FR009	Pharmatex	17042017	FR	1580.22	1321.25
FR0220204FACLI000018	FR009	Pharmatex	18042017	FR	1267.76	1060
FR0220204FACLI000019	FR009	Pharmatex	18042017	FR	1892.67	1582.5
FR0220204FACLI000020	FR009	Pharmatex	18042017	FR	1580.22	1321.25
FR0220204FACLI000021	FR009	Pharmatex	18042017	FR	2517.58	2105
FR0220204FACLI000022	FR005	Agrolim	18042017	FR	779451.14	651715
FR0220204FACLI000023	FR009	Pharmatex	18042017	FR	2499657.94	2090015
FR0230204FACLI000001	FR007	Eurofins	17042017	FR	11757.71	9830.86
FR0230204FACLI000002	FR007	Eurofins	17042017	FR	5887.82	4922.93
FR0230204FACLI000003	FR007	Eurofins	17042017	FR	12491.44	10444.35
FR0230204FACLI000004	FR007	Eurofins	17042017	FR	11757.71	9830.86
FR0230204FACLI000005	FR007	Eurofins	17042017	FR	18361.31	15352.27
FR0230204FACLI000006	FR007	Eurofins	17042017	FR	9311.92	7785.89
FR0230204FACLI000007	FR007	Eurofins	18042017	FR	1173994.32	981600.6
FTC-PT02116/00000001	PT004	Distribuição Farmacêutica Oeiras	05092017	PT	210.95	171.5
FTC-PT02116/00000002	PT002	Bikes do Barreiro	05092017	PT	2360.12	1918.8
FTC-PT02116/00000003	PT002	Bikes do Barreiro	07092017	PT	2360.12	1918.8
FTC-PT02116/00000004	PT002	Bikes do Barreiro	08092017	PT	2360.12	1918.8
FTC-PT02116/00000005	PT004	Distribuição Farmacêutica Oeiras	08092017	PT	2109.45	1715
FTC-PT02116/00000006	PT004	Distribuição Farmacêutica Oeiras	08092017	PT	2109.45	1715
FTC-PT02116/00000007	PT002	Bikes do Barreiro	08092017	PT	2360.12	1918.8
FTC-PT02116/00000008	PT002	Bikes do Barreiro	08092017	PT	2360.12	1918.8
FTC-PT02116/00000009	PT002	Bikes do Barreiro	08092017	PT	2360.12	1918.8
FTC-PT02116/00000010	PT002	Bikes do Barreiro	12092017	PT	2360.12	1918.8
FTC-PT02116/00000011	PT002	Bikes do Barreiro	12092017	PT	2360.12	1918.8
FTC-PT03115/00000002	PT001	As Bicicletas do Norte	28072017	PT	11862.21	9644.07
FTC-PT03115/00000003	PT001	As Bicicletas do Norte	28072017	PT	9418.31	7657.16
FTC-PT03115/00000004	PT021	Agro Natura	05082017	PT	639.6	520
FTC-PT03215/00000002	PT002	Bikes do Barreiro	28082017	PT	1401.56	1139.48
FTC-PT03215/00000003	PT001	As Bicicletas do Norte	31082017	PT	68.06	55.33
FTC-PT03215/00000004	PT001	As Bicicletas do Norte	31082017	PT	68.06	55.33
FTC-PT03215/00000005	PT001	As Bicicletas do Norte	31082017	PT	84253.77	68499
GU14DE012000001	DE002	Bike & Outdoor Company GmbH	10042017	DE	51427.34	43216.25
GU14DE012000002	DE002	Bike & Outdoor Company GmbH	14042017	DE	51427.34	43216.25
GU15DE011000001	DE003	Computer & Zubehör GmbH	18022017	DE	922.25	775
INV000001	NA003	Fun Times Stores	15012016	US	5289	5289
INV000003	NA008	Aldermans	27012017	US	324.4	324.4
LT10190000006	A123	Maxima	05032019	LT	6.05	5
LT10190000008	BD_PIRK02	BD antras UAB	07032019	LT	12.1	10
LT10190000009	BD_PROD	Pagrindinis biuras	12082019	LT	1573	1300
LT10190000010	BD_PROD	Pagrindinis biuras	13082019	LT	1573	1300
LT1021804INVBC000001	KR_PIRK01	Pirkėjas pirmas UAB	12042018	LT	48.4	40
LT1031805INVBC000001	BD_PIRK01	BD pirkėjas pirmas UAB	29052018	LT	54.45	45
LT1041806INVBC000001	VR_001	Schoeller	09062018	LT	14520	12000
LT1041806INVBC000002	VR_001	Schoeller	11062018	LT	12100	10000
LT2011903INVBC000001	A123	Maxima	05032019	LT	3.63	3
LV0211903INVBC000001	LVK19001	Latvijas Demo filiāle 1	21032019	LV	3.32	2.96
LV0211903INVBC000002	LVK19001	Latvijas Demo filiāle 1	21032019	LV	29.12	26
LV1011802INVBC000001	LVK18001	Testa klients SIA	21022018	LV	48.4	40
LV1011802INVBC000002	LVK18001	Testa klients SIA	21022018	LV	766.47	633.45
LV1011803INVBC000001	LVK18001	Testa klients SIA	20032018	LV	605	500
LV1011803INVBC000002	LVK18001	Testa klients SIA	23032018	LV	6897	5700
LV1011803INVBC000004	LVK18001	Testa klients SIA	28032018	LV	7381	6100
LV1011806INVBC000001	LVK18001	Testa klients SIA	01062018	LV	48.4	40
LV1011806INVBC000002	LVK18003	Testa klients 2, SIA	01062018	LV	7260	6000
LV1011807INVBC000001	LVK18001	Testa klients SIA	11072018	LV	6050	5000
LV1011807INVBC000002	LVK18003	Testa klients 2, SIA	11072018	LV	6050	5000
LV1011807INVBC000003	LVK18001	Testa klients SIA	31072018	LV	121	100
LV1011807INVBC000004	LVK18001	Testa klients SIA	31072018	LV	6050	5000
LV1011807INVBC000005	LVK18001	Testa klients SIA	31072018	LV	1210	1000
LV1011808INVBC000001	LVK18001	Testa klients SIA	13082018	LV	36300	30000
LV1011808INVBC000002	LVK18001	Testa klients SIA	13082018	LV	653.4	540
LV1011808INVBC000003	LVK18001	Testa klients SIA	21082018	LV	48.4	40
LV1011808INVBC000004	LVK18001	Testa klients SIA	21082018	LV	48.4	40
LV1011809INVBC000001	LVK18001	Testa klients SIA	04092018	LV	484	400
LV1011809INVBC000002	LVK18001	Testa klients SIA	05092018	LV	60.5	50
LV1011809INVBC000003	LVK18001	Testa klients SIA	05092018	LV	5685.16	4698.48
LV1011809INVBC000004	LVK18001	Testa klients SIA	05092018	LV	4974.52	4111.17
LV1011809INVBC000005	LVK18001	Testa klients SIA	07092018	LV	0	0
LV1011809INVBC000006	LVK18001	Testa klients SIA	07092018	LV	242	200
LV1011809INVBC000007	LVK18001	Testa klients SIA	10092018	LV	96.8	80
LV1011809INVBC000008	LVK18001	Testa klients SIA	10092018	LV	150	150
LV1011811INVBC000001	LVK18001	Testa klients SIA	14112018	LV	1253.56	1036
LV1011812INVBC000001	LVK18001	Testa klients SIA	19122018	LV	243.21	201
LV1011812INVBC000002	LVK18001	Testa klients SIA	20122018	LV	156.82	129.6
LV1011903INVBC000001	LVK18001	Testa klients SIA	22032019	LV	45.7	40.8
LV1011906INVBC000001	LVK18001	Testa klients SIA	11062019	LV	2.42	2
NA0111302INV000001	NA001	International Distributors	27012016	US	639749.5	639749.5
NA0111302INV000002	NA002	Amalgamate Supply	27012016	US	639749.5	639749.5
NA0111302INV000003	NA002	Amalgamate Supply	24022016	US	639749.5	639749.5
NA0111302INV000004	NA001	International Distributors	24022016	US	628694.5	628694.5
NA0111302INV000005	NA001	International Distributors	28032016	US	492349.5	492349.5
NA0111302INV000006	NA001	International Distributors	01032016	US	11055	11055
NA0111302INV000007	NA001	International Distributors	29032016	US	147400	147400
NA0111302INV000008	NA002	Amalgamate Supply	29032016	US	628694.5	628694.5
NA0111302INV000009	NA002	Amalgamate Supply	29032016	US	11055	11055
NA0111302INV000010	NA001	International Distributors	27042016	US	639749.5	639749.5
NA0111302INV000011	NA002	Amalgamate Supply	27042016	US	632607.3	632607.3
NA0111303INV000001	NA002	Amalgamate Supply	19052016	US	63643.3	63643.3
NA0111303INV000002	NA001	International Distributors	19052016	US	63643.3	63643.3
NA0111303INV000003	NA001	International Distributors	23062016	US	599112.66	599112.66
NA0111303INV000004	NA002	Amalgamate Supply	28062016	US	611810.5	611810.5
NA0111303INV000005	NA001	International Distributors	25072016	US	620223.02	620223.02
NA0111303INV000006	NA002	Amalgamate Supply	25072016	US	519719	519719
NA0111303INV000007	NA002	Amalgamate Supply	29082016	US	187734	187734
NA0111303INV000008	NA001	International Distributors	01032017	US	143514	143514
NA0111303INV000009	NA001	International Distributors	13092016	US	624875.5	624875.5
NA0111303INV000010	NA002	Amalgamate Supply	14092016	US	589700.5	589700.5
NA0111303INV000011	NA001	International Distributors	28102016	US	639749.5	639749.5
NA0111303INV000012	NA002	Amalgamate Supply	24102016	US	639689.2	639689.2
NA0111303INV000013	NA001	International Distributors	22112016	US	345364.9	345364.9
NA0111303INV000014	NA002	Amalgamate Supply	28112016	US	64320	64320
NA0111303INV000015	NA001	International Distributors	23122016	US	7356.6	7356.6
NA0111303INV000016	NA002	Amalgamate Supply	29122016	US	59630	59630
NA0111303INV000017	NA001	International Distributors	26012017	US	183714	183714
NA0111303INV000018	NA002	Amalgamate Supply	26012017	US	639749.5	639749.5
NA0111303INV000019	NA001	International Distributors	23022017	US	639749.5	639749.5
NA0111303INV000020	NA002	Amalgamate Supply	23022017	US	384245	384245
NA0111303INV000021	NA001	International Distributors	22032017	US	357954.2	357954.2
NA0111303INV000022	NA002	Amalgamate Supply	23032017	US	340842.4	340842.4
NA0111303INV000023	NA001	International Distributors	25042017	US	568359.66	568359.66
NA0111303INV000024	NA002	Amalgamate Supply	26042017	US	490285.9	490285.9
NA0111303INV000025	NA001	International Distributors	30052017	US	396677.52	396677.52
NA0111303INV000026	NA002	Amalgamate Supply	29052017	US	483472	483472
NA0111303INV000027	NA001	International Distributors	28062017	US	486519.16	486519.16
NA0111303INV000028	NA002	Amalgamate Supply	29062017	US	147266	147266
NA0111303INV000029	NA001	International Distributors	26072017	US	394561.66	394561.66
NA0111303INV000030	NA002	Amalgamate Supply	27072017	US	444699.1	444699.1
NA0111303INV000031	NA001	International Distributors	23082017	US	465696.9	465696.9
NA0111303INV000032	NA002	Amalgamate Supply	24082017	US	5011.6	5011.6
NA0111303INV000033	NA001	International Distributors	27092017	US	318792	318792
NA0111303INV000034	NA002	Amalgamate Supply	24092017	US	163378	163378
NA0111303INV000035	NA001	International Distributors	29102017	US	20914.25	20914.25
NA0111303INV000036	NA002	Amalgamate Supply	30102017	US	536150.75	536150.75
NA0111303INV000037	NA001	International Distributors	27112017	US	105371.9	105371.9
NA0111303INV000038	NA002	Amalgamate Supply	27112017	US	274478.75	274478.75
NA0111303INV000039	NA001	International Distributors	24122017	US	383600.75	383600.75
NA0111303INV000040	NA002	Amalgamate Supply	26122017	US	625426.75	625426.75
NA0121101CRN000001	NA003	Fun Times Stores	28012016	US	165047.5	165047.5
NA0121101CRN000002	NA004	Leisure Sports Inc	27012016	US	211965.3	211965.3
NA0121101INV000001	NA004	Leisure Sports Inc	27012016	US	211965.3	211965.3
NA0121101INV000002	NA003	Fun Times Stores	28012016	US	165047.5	165047.5
NA0121102INV000001	NA003	Fun Times Stores	24022016	US	184614.8	184614.8
NA0121102INV000002	NA004	Leisure Sports Inc	24022016	US	237695.7	237695.7
NA0121103INV000001	NA003	Fun Times Stores	30032016	US	204811.7	204811.7
NA0121103INV000002	NA004	Leisure Sports Inc	30032016	US	262353.5	262353.5
NA0121104CRN000001	NA003	Fun Times Stores	28042016	US	223507.8	223507.8
NA0121104INV000001	NA003	Fun Times Stores	28042016	US	223507.8	223507.8
NA0121104INV000002	NA004	Leisure Sports Inc	28042016	US	287217.1	287217.1
NA0121105INV000001	NA003	Fun Times Stores	30052016	US	204811.7	204811.7
NA0121105INV000002	NA004	Leisure Sports Inc	30052016	US	262353.5	262353.5
NA0121106INV000001	NA003	Fun Times Stores	29062016	US	184614.8	184614.8
NA0121106INV000002	NA004	Leisure Sports Inc	29062016	US	237695.7	237695.7
NA0121107INV000001	NA003	Fun Times Stores	28072016	US	175048.9	175048.9
NA0121107INV000002	NA004	Leisure Sports Inc	28072016	US	224824.1	224824.1
NA0121108INV000001	NA003	Fun Times Stores	30082016	US	184614.8	184614.8
NA0121108INV000002	NA004	Leisure Sports Inc	30082016	US	237695.7	237695.7
NA0121109INV000001	NA003	Fun Times Stores	29092016	US	204811.7	204811.7
NA0121109INV000002	NA004	Leisure Sports Inc	29092016	US	262353.5	262353.5
NA0121110INV000001	NA003	Fun Times Stores	27102016	US	223507.8	223507.8
NA0121110INV000002	NA004	Leisure Sports Inc	27102016	US	287217.1	287217.1
NA0121111INV000001	NA003	Fun Times Stores	29112016	US	204811.7	204811.7
NA0121111INV000002	NA004	Leisure Sports Inc	29112016	US	262353.5	262353.5
NA0121112INV000001	NA003	Fun Times Stores	29122016	US	175048.9	175048.9
NA0121112INV000002	NA004	Leisure Sports Inc	29122016	US	224824.1	224824.1
NA0121201INV000001	NA003	Fun Times Stores	30012017	US	165864.6	165864.6
NA0121201INV000002	NA004	Leisure Sports Inc	30012017	US	212389.6	212389.6
NA0121202INV000001	NA003	Fun Times Stores	28022017	US	185528.8	185528.8
NA0121202INV000002	NA004	Leisure Sports Inc	28022017	US	238171.5	238171.5
NA0121203INV000001	NA003	Fun Times Stores	29032017	US	205825.8	205825.8
NA0121203INV000002	NA004	Leisure Sports Inc	29032017	US	262878.7	262878.7
NA0121204INV000001	NA003	Fun Times Stores	26042017	US	224614.4	224614.4
NA0121204INV000002	NA004	Leisure Sports Inc	26042017	US	287792	287792
NA0121205INV000001	NA003	Fun Times Stores	30052017	US	205825.8	205825.8
NA0121205INV000002	NA004	Leisure Sports Inc	30052017	US	262878.7	262878.7
NA0121206INV000001	NA003	Fun Times Stores	28062017	US	185528.8	185528.8
NA0121206INV000002	NA004	Leisure Sports Inc	28062017	US	238171.5	238171.5
NA0121207INV000001	NA003	Fun Times Stores	30072017	US	175915.6	175915.6
NA0121207INV000002	NA004	Leisure Sports Inc	30072017	US	225274.1	225274.1
NA0121208INV000001	NA003	Fun Times Stores	30082017	US	185528.8	185528.8
NA0121208INV000002	NA004	Leisure Sports Inc	30082017	US	238171.5	238171.5
NA0121209INV000001	NA003	Fun Times Stores	27092017	US	205825.8	205825.8
NA0121209INV000002	NA004	Leisure Sports Inc	27092017	US	262878.7	262878.7
NA0121210INV000001	NA003	Fun Times Stores	30102017	US	224614.4	224614.4
NA0121210INV000002	NA004	Leisure Sports Inc	30102017	US	287792	287792
NA0121211INV000001	NA003	Fun Times Stores	29112017	US	205825.8	205825.8
NA0121211INV000002	NA004	Leisure Sports Inc	29112017	US	262878.7	262878.7
NA0121212INV000001	NA003	Fun Times Stores	27122017	US	175915.6	175915.6
NA0121212INV000002	NA004	Leisure Sports Inc	27122017	US	225274.1	225274.1
NA0131701INVBC000001	NA002	Amalgamate Supply	19012017	US	27250	27250
NA0211303INV000001	NA005	Johnson Wholesale	27012016	US	33960	33960
NA0211303INV000002	NA006	Sysco Supply	27012016	US	35022	35022
NA0211303INV000003	NA005	Johnson Wholesale	24022016	US	34282.95	34282.95
NA0211303INV000004	NA006	Sysco Supply	24022016	US	35160.05	35160.05
NA0211303INV000005	NA005	Johnson Wholesale	30032016	US	34282.95	34282.95
NA0211303INV000006	NA006	Sysco Supply	30032016	US	35160.05	35160.05
NA0211303INV000007	NA005	Johnson Wholesale	28042016	US	34943.65	34943.65
NA0211303INV000008	NA006	Sysco Supply	28042016	US	35919.35	35919.35
NA0211303INV000009	NA005	Johnson Wholesale	30052016	US	34830.15	34830.15
NA0211303INV000010	NA006	Sysco Supply	30052016	US	34588.85	34588.85
NA0211303INV000011	NA005	Johnson Wholesale	29062016	US	35474.65	35474.65
NA0211303INV000012	NA006	Sysco Supply	29062016	US	34434.85	34434.85
NA0211303INV000013	NA005	Johnson Wholesale	28072016	US	34282.95	34282.95
NA0211303INV000014	NA006	Sysco Supply	28072016	US	35160.05	35160.05
NA0211303INV000015	NA005	Johnson Wholesale	30082016	US	35190	35190
NA0211303INV000016	NA006	Sysco Supply	30082016	US	36992.25	36992.25
NA0211303INV000017	NA005	Johnson Wholesale	29092016	US	33960	33960
NA0211303INV000018	NA006	Sysco Supply	29092016	US	35022	35022
NA0211303INV000019	NA005	Johnson Wholesale	27102016	US	34282.95	34282.95
NA0211303INV000020	NA006	Sysco Supply	27102016	US	35160.05	35160.05
NA0211303INV000021	NA005	Johnson Wholesale	29112016	US	33960	33960
NA0211303INV000022	NA006	Sysco Supply	29112016	US	35022	35022
NA0211303INV000023	NA005	Johnson Wholesale	29122016	US	34282.95	34282.95
NA0211303INV000024	NA006	Sysco Supply	29122016	US	35160.05	35160.05
NA0211303INV000025	NA005	Johnson Wholesale	30012017	US	33960	33960
NA0211303INV000026	NA006	Sysco Supply	30012017	US	35022	35022
NA0211303INV000027	NA005	Johnson Wholesale	28022017	US	34635.85	34635.85
NA0211303INV000028	NA006	Sysco Supply	28022017	US	35697.35	35697.35
NA0211303INV000029	NA005	Johnson Wholesale	29032017	US	34904.55	34904.55
NA0211303INV000030	NA006	Sysco Supply	29032017	US	36020.3	36020.3
NA0211303INV000031	NA005	Johnson Wholesale	26042017	US	35103.55	35103.55
NA0211303INV000032	NA006	Sysco Supply	26042017	US	36281.6	36281.6
NA0211303INV000033	NA005	Johnson Wholesale	30052017	US	35380.6	35380.6
NA0211303INV000034	NA006	Sysco Supply	30052017	US	36596.9	36596.9
NA0211303INV000035	NA005	Johnson Wholesale	28062017	US	35657.35	35657.35
NA0211303INV000036	NA006	Sysco Supply	28062017	US	21186.35	21186.35
NA0211303INV000037	NA006	Sysco Supply	28062017	US	15526.05	15526.05
NA0211303INV000038	NA005	Johnson Wholesale	30072017	US	35657.35	35657.35
NA0211303INV000039	NA006	Sysco Supply	30072017	US	36712.4	36712.4
NA0211303INV000040	NA005	Johnson Wholesale	30082017	US	32872	32872
NA0211303INV000041	NA006	Sysco Supply	30082017	US	33975.55	33975.55
NA0211303INV000042	NA005	Johnson Wholesale	27092017	US	34750.3	34750.3
NA0211303INV000043	NA006	Sysco Supply	27092017	US	35778.7	35778.7
NA0211303INV000044	NA005	Johnson Wholesale	30102017	US	34457.8	34457.8
NA0211303INV000045	NA006	Sysco Supply	30102017	US	35477.5	35477.5
NA0211303INV000046	NA005	Johnson Wholesale	29112017	US	34594.35	34594.35
NA0211303INV000047	NA006	Sysco Supply	29112017	US	35456.65	35456.65
NA0211303INV000048	NA005	Johnson Wholesale	27122017	US	35834.3	35834.3
NA0211303INV000049	NA006	Sysco Supply	27122017	US	35548.3	35548.3
NA0211303INV000050	NA006	Sysco Supply	27122017	US	1627.2	1627.2
NA0211303INV000051	NA005	Johnson Wholesale	27012016	US	207903.6	207903.6
NA0211303INV000052	NA006	Sysco Supply	27012016	US	214434	214434
NA0211303INV000053	NA005	Johnson Wholesale	24022016	US	224181	224181
NA0211303INV000054	NA006	Sysco Supply	24022016	US	230711.4	230711.4
NA0211303INV000055	NA005	Johnson Wholesale	30032016	US	240458.4	240458.4
NA0211303INV000056	NA006	Sysco Supply	30032016	US	246988.8	246988.8
NA0211303INV000057	NA005	Johnson Wholesale	28042016	US	243675	243675
NA0211303INV000058	NA006	Sysco Supply	28042016	US	250205.4	250205.4
NA0211303INV000059	NA005	Johnson Wholesale	30052016	US	220964.4	220964.4
NA0211303INV000060	NA006	Sysco Supply	30052016	US	227592.6	227592.6
NA0211303INV000061	NA005	Johnson Wholesale	29062016	US	207903.6	207903.6
NA0211303INV000062	NA006	Sysco Supply	29062016	US	214434	214434
NA0211303INV000063	NA005	Johnson Wholesale	28072016	US	207903.6	207903.6
NA0211303INV000064	NA006	Sysco Supply	28072016	US	214434	214434
NA0211303INV000065	NA005	Johnson Wholesale	30082016	US	224181	224181
NA0211303INV000066	NA006	Sysco Supply	30082016	US	230711.4	230711.4
NA0211303INV000067	NA005	Johnson Wholesale	29092016	US	240458.4	240458.4
NA0211303INV000068	NA006	Sysco Supply	29092016	US	246988.8	246988.8
NA0211303INV000069	NA005	Johnson Wholesale	27102016	US	243675	243675
NA0211303INV000070	NA006	Sysco Supply	27102016	US	250205.4	250205.4
NA0211303INV000071	NA005	Johnson Wholesale	29112016	US	220964.4	220964.4
NA0211303INV000072	NA006	Sysco Supply	29112016	US	227592.6	227592.6
NA0211303INV000073	NA005	Johnson Wholesale	29122016	US	207903.6	207903.6
NA0211303INV000074	NA006	Sysco Supply	29122016	US	181683.6	181683.6
NA0211303INV000075	NA006	Sysco Supply	29122016	US	32750.4	32750.4
NA0211303INV000076	NA005	Johnson Wholesale	30012017	US	207903.6	207903.6
NA0211303INV000077	NA006	Sysco Supply	30012017	US	214434	214434
NA0211303INV000078	NA005	Johnson Wholesale	28022017	US	224181	224181
NA0211303INV000079	NA006	Sysco Supply	28022017	US	230711.4	230711.4
NA0211303INV000080	NA005	Johnson Wholesale	29032017	US	240458.4	240458.4
NA0211303INV000081	NA006	Sysco Supply	29032017	US	214434	214434
NA0211303INV000082	NA006	Sysco Supply	29032017	US	32554.8	32554.8
NA0211303INV000083	NA005	Johnson Wholesale	26042017	US	243675	243675
NA0211303INV000084	NA006	Sysco Supply	26042017	US	250205.4	250205.4
NA0211303INV000085	NA005	Johnson Wholesale	30052017	US	220964.4	220964.4
NA0211303INV000086	NA006	Sysco Supply	30052017	US	227592.6	227592.6
NA0211303INV000087	NA005	Johnson Wholesale	28062017	US	207903.6	207903.6
NA0211303INV000088	NA006	Sysco Supply	28062017	US	214434	214434
NA0211303INV000089	NA005	Johnson Wholesale	27072017	US	207903.6	207903.6
NA0211303INV000090	NA006	Sysco Supply	27072017	US	214434	214434
NA0211303INV000091	NA006	Sysco Supply	26102017	US	213510.3	213510.3
NA0211303INV000092	NA005	Johnson Wholesale	26102017	US	216591	216591
NA0211303INV000093	NA005	Johnson Wholesale	28092017	US	234290.9	234290.9
NA0211303INV000094	NA006	Sysco Supply	28092017	US	240653.8	240653.8
NA0211303INV000095	NA005	Johnson Wholesale	28092017	US	237425	237425
NA0211303INV000096	NA006	Sysco Supply	28092017	US	243787.9	243787.9
NA0211303INV000097	NA006	Sysco Supply	29102017	US	9390	9390
NA0211303INV000098	NA005	Johnson Wholesale	28112017	US	209402.7	209402.7
NA0211303INV000099	NA006	Sysco Supply	28112017	US	215684.1	215684.1
NA0211303INV000100	NA005	Johnson Wholesale	27122017	US	203211	203211
NA0211303INV000101	NA006	Sysco Supply	27122017	US	209594	209594
NA0221302INV000001	NA007	Williams Distrbutors	31012016	US	37252	37252
NA0221302INV000002	NA008	Aldermans	31012016	US	37252	37252
NA0221302INV000003	NA007	Williams Distrbutors	29022016	US	36582	36582
NA0221302INV000004	NA008	Aldermans	29022016	US	38290.5	38290.5
NA0221302INV000005	NA007	Williams Distrbutors	30032016	US	37319	37319
NA0221302INV000006	NA008	Aldermans	30032016	US	37319	37319
NA0221302INV000007	NA007	Williams Distrbutors	29042016	US	66129	66129
NA0221302INV000008	NA008	Aldermans	29042016	US	65928	65928
NA0221302INV000009	NA007	Williams Distrbutors	30052016	US	44622	44622
NA0221302INV000010	NA008	Aldermans	30052016	US	43952	43952
NA0221302INV000011	NA007	Williams Distrbutors	29062016	US	45593.5	45593.5
NA0221302INV000012	NA008	Aldermans	29062016	US	42612	42612
NA0221302INV000013	NA007	Williams Distrbutors	29072016	US	45292	45292
NA0221302INV000014	NA008	Aldermans	29072016	US	45895	45895
NA0221302INV000015	NA007	Williams Distrbutors	30082016	US	42980.5	42980.5
NA0221302INV000016	NA008	Aldermans	30082016	US	47000.5	47000.5
NA0221302INV000017	NA007	Williams Distrbutors	29092016	US	43952	43952
NA0221302INV000018	NA008	Aldermans	29092016	US	44555	44555
NA0221302INV000019	NA007	Williams Distrbutors	31102016	US	43952	43952
NA0221302INV000020	NA008	Aldermans	31102016	US	46632	46632
NA0221302INV000021	NA007	Williams Distrbutors	29112016	US	45292	45292
NA0221302INV000022	NA008	Aldermans	29112016	US	47302	47302
NA0221302INV000023	NA007	Williams Distrbutors	29122016	US	45292	45292
NA0221302INV000024	NA008	Aldermans	29122016	US	47302	47302
NA0221302INV000025	NA007	Williams Distrbutors	30012017	US	45292	45292
NA0221302INV000026	NA008	Aldermans	30012017	US	47302	47302
NA0221302INV000027	NA007	Williams Distrbutors	27022017	US	42980.5	42980.5
NA0221302INV000028	NA008	Aldermans	27022017	US	48943.5	48943.5
NA0221302INV000029	NA007	Williams Distrbutors	30032017	US	45292	45292
NA0221302INV000030	NA008	Aldermans	30032017	US	47302	47302
NA0221302INV000031	NA007	Williams Distrbutors	30042017	US	45292	45292
NA0221302INV000032	NA008	Aldermans	30042017	US	47302	47302
NA0221302INV000033	NA007	Williams Distrbutors	30052017	US	43282	43282
NA0221302INV000034	NA008	Aldermans	30052017	US	47972	47972
NA0221302INV000035	NA007	Williams Distrbutors	29062017	US	44689	44689
NA0221302INV000036	NA008	Aldermans	29062017	US	47972	47972
NA0221302INV000037	NA007	Williams Distrbutors	30072017	US	45660.5	45660.5
NA0221302INV000038	NA008	Aldermans	30072017	US	47972	47972
NA0221302INV000039	NA007	Williams Distrbutors	30082017	US	45270.4	45270.4
NA0221302INV000040	NA008	Aldermans	30082017	US	46180.2	46180.2
NA0221302INV000041	NA007	Williams Distrbutors	27092017	US	44861.1	44861.1
NA0221302INV000042	NA008	Aldermans	27092017	US	48060.8	48060.8
NA0221302INV000043	NA007	Williams Distrbutors	30102017	US	45555.25	45555.25
NA0221302INV000044	NA008	Aldermans	30102017	US	46494.2	46494.2
NA0221302INV000045	NA007	Williams Distrbutors	29112017	US	43624.5	43624.5
NA0221302INV000046	NA008	Aldermans	29112017	US	44894.5	44894.5
NA0221302INV000047	NA007	Williams Distrbutors	27122017	US	43983.25	43983.25
NA0221302INV000048	NA008	Aldermans	27122017	US	43983.25	43983.25
NA0231302INV000001	NA009	ABC Industrial	14012016	US	48899.9	48899.9
NA0231302INV000002	NA009	ABC Industrial	31012016	US	47457.6	47457.6
NA0231302INV000003	NA010	Dayton Marshall Inc	25022016	US	45782.6	45782.6
NA0231302INV000004	NA009	ABC Industrial	25022016	US	1442.3	1442.3
NA0231302INV000005	NA009	ABC Industrial	15032016	US	45782.6	45782.6
NA0231302INV000006	NA010	Dayton Marshall Inc	30032016	US	52017.2	52017.2
NA0231302INV000007	NA009	ABC Industrial	26042016	US	41478.75	41478.75
NA0231302INV000008	NA010	Dayton Marshall Inc	26042016	US	41967.2	41967.2
NA0231302INV000009	NA009	ABC Industrial	30052016	US	43153.75	43153.75
NA0231302INV000010	NA010	Dayton Marshall Inc	30052016	US	47108.55	47108.55
NA0231302INV000011	NA009	ABC Industrial	28062016	US	52133.55	52133.55
NA0231302INV000012	NA010	Dayton Marshall Inc	28062016	US	49318.65	49318.65
NA0231302INV000013	NA009	ABC Industrial	28072016	US	42967.7	42967.7
NA0231302INV000014	NA010	Dayton Marshall Inc	28072016	US	49737.4	49737.4
NA0231302INV000015	NA009	ABC Industrial	29082016	US	50239.9	50239.9
NA0231302INV000016	NA010	Dayton Marshall Inc	29082016	US	50574.9	50574.9
NA0231302INV000017	NA009	ABC Industrial	26092016	US	49923.45	49923.45
NA0231302INV000018	NA010	Dayton Marshall Inc	28092016	US	49016.25	49016.25
NA0231302INV000019	NA009	ABC Industrial	28102016	US	95846	95846
NA0231302INV000020	NA010	Dayton Marshall Inc	28102016	US	91053.7	91053.7
NA0231302INV000021	NA009	ABC Industrial	28112016	US	49016.25	49016.25
NA0231302INV000022	NA010	Dayton Marshall Inc	28112016	US	48681.25	48681.25
NA0231302INV000023	NA009	ABC Industrial	28122016	US	50039.8	50039.8
NA0231302INV000024	NA010	Dayton Marshall Inc	28122016	US	49132.6	49132.6
NA0231302INV000025	NA009	ABC Industrial	27012017	US	51682.2	51682.2
NA0231302INV000026	NA010	Dayton Marshall Inc	27012017	US	50877.3	50877.3
NA0231302INV000027	NA009	ABC Industrial	27022017	US	47038.85	47038.85
NA0231302INV000028	NA010	Dayton Marshall Inc	27022017	US	51714.8	51714.8
NA0231302INV000029	NA009	ABC Industrial	30032017	US	56809.5	56809.5
NA0231302INV000030	NA010	Dayton Marshall Inc	30032017	US	53808.55	53808.55
NA0231302INV000031	NA009	ABC Industrial	27042017	US	47457.6	47457.6
NA0231302INV000032	NA010	Dayton Marshall Inc	27042017	US	47457.6	47457.6
NA0231302INV000033	NA009	ABC Industrial	29052017	US	50993.65	50993.65
NA0231302INV000034	NA010	Dayton Marshall Inc	29052017	US	48899.9	48899.9
NA0231302INV000035	NA009	ABC Industrial	26062017	US	48597.5	48597.5
NA0231302INV000036	NA010	Dayton Marshall Inc	26062017	US	50877.3	50877.3
NA0231302INV000037	NA009	ABC Industrial	30072017	US	50574.9	50574.9
NA0231302INV000038	NA010	Dayton Marshall Inc	30072017	US	53157.1	53157.1
NA0231302INV000039	NA009	ABC Industrial	27082017	US	48899.9	48899.9
NA0231302INV000040	NA010	Dayton Marshall Inc	27082017	US	49621.05	49621.05
NA0231302INV000041	NA009	ABC Industrial	28092017	US	46148.75	46148.75
NA0231302INV000042	NA010	Dayton Marshall Inc	28092017	US	46965.25	46965.25
NA0231302INV000043	NA009	ABC Industrial	30102017	US	48364.4	48364.4
NA0231302INV000044	NA010	Dayton Marshall Inc	30102017	US	47375.25	47375.25
NA0231302INV000045	NA009	ABC Industrial	28112017	US	50150.85	50150.85
NA0231302INV000046	NA010	Dayton Marshall Inc	28112017	US	48466.35	48466.35
NA0231302INV000047	NA009	ABC Industrial	27122017	US	48633	48633
NA0231302INV000048	NA010	Dayton Marshall Inc	27122017	US	48633	48633
NA0231403INV000001	NA010	Dayton Marshall Inc	14032017	US	49621.05	49621.05
NCC-PT02116/00000001	PT002	Bikes do Barreiro	06092017	PT	2360.12	1918.8
NCC-PT02116/00000002	PT002	Bikes do Barreiro	07092017	PT	2360.12	1918.8
NCC-PT02116/00000003	PT002	Bikes do Barreiro	07092017	PT	2360.12	1918.8
NCCPT02115/00000001	PT001	As Bicicletas do Norte	30012017	PT	11.16	9.07
NCCPT03115/00000001	PT003	Farmácia de Matosinhos	26082017	PT	455.1	370
NCCPT03215/00000001	PT001	As Bicicletas do Norte	30012017	PT	158261.15	128667.6
NCCPT03215/00000002	PT001	As Bicicletas do Norte	30012017	PT	90581.51	73643.5
NCCPT03215/00000003	PT001	As Bicicletas do Norte	28082017	PT	90581.51	73643.5
NCCPT03215/00000004	PT002	Bikes do Barreiro	28082017	PT	1401.56	1139.48
PRFES0110001	ES001	BH	22102016	ES	992.2	820
PRFFR0120001	FR001	Urban Cycle	28102017	FR	35428.62	29622.59
PRFLT1020001	KR_PIRK01	Pirkėjas pirmas UAB	11042018	LT	80.73	66.72
PRFLV1010001	LVK18001	Testa klients SIA	11042018	LV	121	100
PRFLV1010002	LVK18001	Testa klients SIA	11042018	LV	7381	6100
PRFLV1010003	LVK18001	Testa klients SIA	13112018	LV	968	800
PRFZA0230001	ZA007	Ericsson	06062017	MZ	129.4	129.4
PT01113-FCL-00000004	PT006	Distribuidora Gomes & Barbosa	01042018	PT	4472.28	3636
PT02113-FCL-00000001	PT005	Supermercados Rosa Fresca	30012017	PT	38068.5	30950
PT02113-FCL-00000002	PT005	Supermercados Rosa Fresca	28022017	PT	38068.5	30950
PT02113-FCL-00000003	PT005	Supermercados Rosa Fresca	30032017	PT	38068.5	30950
PT02113-FCL-00000004	PT005	Supermercados Rosa Fresca	30042017	PT	38068.5	30950
PT02113-FCL-00000005	PT005	Supermercados Rosa Fresca	31052017	PT	38068.5	30950
PT02113-FCL-00000006	PT005	Supermercados Rosa Fresca	29062017	PT	38068.5	30950
PT02113-FCL-00000007	PT005	Supermercados Rosa Fresca	31072017	PT	38068.5	30950
PT02113-FCL-00000008	PT005	Supermercados Rosa Fresca	31082017	PT	38068.5	30950
PT02113-FCL-00000009	PT005	Supermercados Rosa Fresca	28092017	PT	38191.5	31050
PT02113-FCL-00000010	PT005	Supermercados Rosa Fresca	31102017	PT	38068.5	30950
PT02212-FCL-00000001	PT004	Distribuição Farmacêutica Oeiras	30012016	PT	10147.5	8250
PT02212-FCL-00000002	PT004	Distribuição Farmacêutica Oeiras	29022016	PT	10147.5	8250
PT02212-FCL-00000003	PT004	Distribuição Farmacêutica Oeiras	30042016	PT	6765	5500
PT02212-FCL-00000004	PT004	Distribuição Farmacêutica Oeiras	30042016	PT	6765	5500
PT02212-FCL-00000005	PT004	Distribuição Farmacêutica Oeiras	30052016	PT	6888	5600
PT02212-FCL-00000006	PT004	Distribuição Farmacêutica Oeiras	28092016	PT	10147.5	8250
PT02212-FCL-00000007	PT004	Distribuição Farmacêutica Oeiras	30102016	PT	10147.5	8250
PT02212-FCL-00000008	PT004	Distribuição Farmacêutica Oeiras	30112016	PT	10147.5	8250
PT02213-FCL-00000001	FR012	Bike City	31122017	FR	1250	1250
PT02313-FCL-00000001	PT006	Distribuidora Gomes & Barbosa	29032017	PT	20925.99	17013
PT02313-FCL-00000002	PT006	Distribuidora Gomes & Barbosa	28062017	PT	7687.5	6250
PT02313-FCL-00000003	PT006	Distribuidora Gomes & Barbosa	30092017	PT	20925.99	17013
PT02313-FCL-00000004	PT006	Distribuidora Gomes & Barbosa	29112017	PT	14562.34	11839.3
PT03111-FCL-00000001	PT008	Industria e Manufacturas	04012016	PT	2416.95	1965
PT03111-FCL-00000002	PT006	Distribuidora Gomes & Barbosa	05012016	PT	2416.95	1965
PT03111-FCL-00000003	PT003	Farmácia de Matosinhos	07022016	PT	659.28	536
PT03111-FCL-00000004	PT005	Supermercados Rosa Fresca	03022016	PT	659.28	536
PT03111-FCL-00000005	PT005	Supermercados Rosa Fresca	01042016	PT	659.28	536
PT03111-FCL-00000006	PT006	Distribuidora Gomes & Barbosa	03052016	PT	659.28	536
PT03111-FCL-00000007	PT006	Distribuidora Gomes & Barbosa	03062016	PT	659.28	536
PT03111-FCL-00000008	PT008	Industria e Manufacturas	04072016	PT	659.28	536
PT03111-FCL-00000009	PT002	Bikes do Barreiro	03082016	PT	659.28	536
PT03111-FCL-00000010	PT002	Bikes do Barreiro	05092016	PT	474.78	386
PT03111-FCL-00000011	PT003	Farmácia de Matosinhos	03102016	PT	565.8	460
PT03111-FCL-00000012	PT006	Distribuidora Gomes & Barbosa	03112016	PT	573.18	466
PT03111-FCL-00000013	PT005	Supermercados Rosa Fresca	03122016	PT	563.34	458
PT03112-FCL-00000001	PT006	Distribuidora Gomes & Barbosa	20012017	PT	573.18	466
PT03112-FCL-00000002	PT006	Distribuidora Gomes & Barbosa	21022017	PT	270.6	220
PT03112-FCL-00000003	PT005	Supermercados Rosa Fresca	02032017	PT	410.82	334
PT03112-FCL-00000004	PT005	Supermercados Rosa Fresca	13042017	PT	730.62	594
PT03112-FCL-00000005	PT003	Farmácia de Matosinhos	10052017	PT	455.1	370
PT03112-FCL-00000006	PT008	Industria e Manufacturas	15062017	PT	4833.9	3930
PT03112-FCL-00000007	PT005	Supermercados Rosa Fresca	09072017	PT	1254.6	1020
PT03112-FCL-00000008	PT006	Distribuidora Gomes & Barbosa	06082017	PT	573.18	466
PT03112-FCL-00000009	PT008	Industria e Manufacturas	07092017	PT	4833.9	3930
PT03112-FCL-00000010	PT002	Bikes do Barreiro	18102017	PT	474.78	386
PT03112-FCL-00000011	PT002	Bikes do Barreiro	14112017	PT	612.54	498
PT03112-FCL-00000012	PT002	Bikes do Barreiro	14112017	PT	46.74	38
PT03112-FCL-00000013	PT008	Industria e Manufacturas	10122017	PT	6393.87	5895
PT03211-FCL-00000001	PT001	As Bicicletas do Norte	28012016	PT	90581.51	73643.5
PT03211-FCL-00000002	PT002	Bikes do Barreiro	26022016	PT	95509.38	77649.9
PT03211-FCL-00000003	PT001	As Bicicletas do Norte	24032016	PT	90581.51	73643.5
PT03211-FCL-00000004	PT002	Bikes do Barreiro	15042016	PT	95509.38	77649.9
PT03211-FCL-00000005	PT002	Bikes do Barreiro	23052016	PT	80725.76	65630.7
PT03211-FCL-00000006	PT001	As Bicicletas do Norte	24062016	PT	90581.51	73643.5
PT03211-FCL-00000007	PT001	As Bicicletas do Norte	29072016	PT	90581.51	73643.5
PT03211-FCL-00000008	PT002	Bikes do Barreiro	29082016	PT	41160.47	33463.8
PT03211-FCL-00000009	PT001	As Bicicletas do Norte	23092016	PT	90581.51	73643.5
PT03211-FCL-00000010	PT001	As Bicicletas do Norte	28102016	PT	90581.51	73643.5
PT03211-FCL-00000011	PT002	Bikes do Barreiro	25112016	PT	100437.25	81656.3
PT03211-FCL-00000012	PT001	As Bicicletas do Norte	20122016	PT	90581.51	73643.5
PT03212-FCL-00000001	PT001	As Bicicletas do Norte	27012017	PT	90581.51	73643.5
PT03212-FCL-00000002	PT002	Bikes do Barreiro	28022017	PT	100437.25	81656.3
PT03212-FCL-00000003	PT001	As Bicicletas do Norte	30032017	PT	90581.51	73643.5
PT03212-FCL-00000004	PT001	As Bicicletas do Norte	30042017	PT	90581.51	73643.5
PT03212-FCL-00000005	PT001	As Bicicletas do Norte	31052017	PT	90581.51	73643.5
PT03212-FCL-00000006	PT001	As Bicicletas do Norte	29062017	PT	90581.51	73643.5
PT03212-FCL-00000007	PT002	Bikes do Barreiro	30072017	PT	80725.76	65630.7
PT03212-FCL-00000008	PT002	Bikes do Barreiro	31082017	PT	41160.47	33463.8
PT03212-FCL-00000009	PT002	Bikes do Barreiro	01102017	PT	95509.38	77649.9
PT03212-FCL-00000010	PT001	As Bicicletas do Norte	31102017	PT	90581.51	73643.5
PT03212-FCL-00000011	PT002	Bikes do Barreiro	30112017	PT	95509.38	77649.9
PT03212-FCL-00000012	PT001	As Bicicletas do Norte	31122017	PT	90581.51	73643.5
RG14DE011000001	DE003	Computer & Zubehör GmbH	31032017	DE	882.68	741.75
RG14DE011000002	DE003	Computer & Zubehör GmbH	31032017	DE	882.68	741.75
RG14DE011000003	DE003	Computer & Zubehör GmbH	31032017	DE	611.36	513.75
RG14DE011000004	DE003	Computer & Zubehör GmbH	31032017	DE	611.36	513.75
RG14DE011000007	DE004	Software Services	10042016	DE	170723.35	143465
RG14DE011000008	DE004	Software Services	10062016	DE	170723.35	143465
RG14DE011000009	DE004	Software Services	10082016	DE	170723.35	143465
RG14DE011000010	DE004	Software Services	10122016	DE	170723.35	143465
RG14DE011000011	DE004	Software Services	10012017	DE	170723.35	143465
RG14DE011000012	DE004	Software Services	10022017	DE	170723.35	143465
RG14DE011000013	DE004	Software Services	10042017	DE	512134.35	430365
RG14DE011000014	DE004	Software Services	10012017	DE	512134.35	430365
RG14DE011000015	DE003	Computer & Zubehör GmbH	10022017	DE	512134.35	430365
RG14DE011000016	DE004	Software Services	10032017	DE	512134.35	430365
RG14DE011000017	DE003	Computer & Zubehör GmbH	10042017	DE	512134.35	430365
RG14DE012000001	DE002	Bike & Outdoor Company GmbH	31032017	DE	321.05	269.79
RG14DE012000002	DE002	Bike & Outdoor Company GmbH	31032017	DE	321.05	269.79
RG14DE012000003	DE002	Bike & Outdoor Company GmbH	31032017	DE	321.05	269.79
RG14DE012000004	DE002	Bike & Outdoor Company GmbH	31032017	DE	321.05	269.79
RG14DE012000005	DE002	Bike & Outdoor Company GmbH	31032017	DE	321.05	269.79
RG14DE012000006	DE002	Bike & Outdoor Company GmbH	31032017	DE	321.05	269.79
RG14DE012000007	DE002	Bike & Outdoor Company GmbH	31032017	DE	321.05	269.79
RG14DE012000010	DE002	Bike & Outdoor Company GmbH	09042017	DE	99939.23	83982.55
RG14DE012000011	DE002	Bike & Outdoor Company GmbH	22072016	DE	136282.67	114523.25
RG14DE012000012	DE002	Bike & Outdoor Company GmbH	20112016	DE	272547.49	229031.5
RG14DE012000013	DE002	Bike & Outdoor Company GmbH	09042017	DE	272547.49	229031.5
RG14DE012000014	DE002	Bike & Outdoor Company GmbH	09022017	DE	272547.49	229031.5
RG14DE012000015	DE002	Bike & Outdoor Company GmbH	09042017	DE	817606.76	687064.5
RG14DE012000016	DE002	Bike & Outdoor Company GmbH	09122016	DE	817606.76	687064.5
RG14DE012000017	DE002	Bike & Outdoor Company GmbH	09112016	DE	817606.76	687064.5
RG14DE012000018	DE002	Bike & Outdoor Company GmbH	09012017	DE	817606.76	687064.5
RG14DE012000019	DE002	Bike & Outdoor Company GmbH	09022017	DE	817606.76	687064.5
RG14DE012000020	DE002	Bike & Outdoor Company GmbH	09032017	DE	817606.76	687064.5
RG14DE012000021	DE002	Bike & Outdoor Company GmbH	29032017	DE	817606.76	687064.5
RG14DE012000022	DE002	Bike & Outdoor Company GmbH	09022016	DE	817606.76	687064.5
RG14DE012000023	DE002	Bike & Outdoor Company GmbH	09052016	DE	817606.76	687064.5
RG14DE012000024	DE002	Bike & Outdoor Company GmbH	09042017	DE	817606.76	687064.5
RG14DE012000025	DE002	Bike & Outdoor Company GmbH	09072016	DE	817606.76	687064.5
RG14DE012000026	DE002	Bike & Outdoor Company GmbH	09082016	DE	817606.76	687064.5
RG14DE012000027	DE002	Bike & Outdoor Company GmbH	09092016	DE	817606.76	687064.5
RG14DE012000028	DE002	Bike & Outdoor Company GmbH	09102016	DE	817606.76	687064.5
RG14DE012000029	DE001	1 2 3 Rad GmbH	10112016	DE	681729.7	572882.1
RG14DE012000030	DE001	1 2 3 Rad GmbH	10042017	DE	263598.55	221511.39
RG14DE012000031	DE001	1 2 3 Rad GmbH	10122016	DE	681729.7	572882.1
RG14DE012000032	DE001	1 2 3 Rad GmbH	10012017	DE	681729.7	572882.1
RG14DE012000033	DE002	Bike & Outdoor Company GmbH	10022017	DE	681729.7	572882.1
RG14DE012000034	DE002	Bike & Outdoor Company GmbH	10042017	DE	681729.7	572882.1
RG14DE012000035	DE001	1 2 3 Rad GmbH	10042017	DE	681729.7	572882.1
RG14DE021000001	DE006	Kaufland Warenhandel	31032017	DE	114.79	96.46
RG14DE021000002	DE006	Kaufland Warenhandel	31032017	DE	114.79	96.46
RG14DE021000003	DE006	Kaufland Warenhandel	31032017	DE	114.79	96.46
RG14DE022000001	DE008	BCD Chemie GmbH	31032017	DE	639.63	537.5
RG14DE022000002	DE008	BCD Chemie GmbH	31032017	DE	639.63	537.5
RG14DE022000003	DE008	BCD Chemie GmbH	31032017	DE	639.63	537.5
RG14DE022000004	DE007	Bayer AG	11042017	DE	327250	275000
RG14DE022000006	DE007	Bayer AG	11042017	DE	327250	275000
RG14DE023000001	DE009	Celesio Pharma AG	26032017	DE	2561.59	2152.6
RG14DE023000002	DE009	Celesio Pharma AG	26032017	DE	2561.59	2152.6
RG14DE023000003	DE009	Celesio Pharma AG	11042017	DE	640398.5	538150
RG15DE011000001	DE003	Computer & Zubehör GmbH	18022017	DE	4539.85	3815
RG15DE011000002	DE003	Computer & Zubehör GmbH	18022017	DE	4539.85	3815
RG15DE011000003	DE003	Computer & Zubehör GmbH	18022017	DE	2244.94	1886.5
RG15DE011000004	DE003	Computer & Zubehör GmbH	18022017	DE	357	300
RG15DE011000005	DE004	Software Services	19022017	DE	153.51	129
RG15DE011000006	DE004	Software Services	19022017	DE	112.85	110
RG15DE011000007	DE004	Software Services	19032017	DE	112.85	110
RG15DE011000008	DE004	Software Services	19022017	DE	243.95	205
RG15DE012000001	DE001	1 2 3 Rad GmbH	24102016	DE	3183.25	2675
RG15DE012000002	DE002	Bike & Outdoor Company GmbH	20022017	DE	319.47	268.46
SCR1305AU01100001	AU003	JB Lee	20052016	AU	54.56	49.6
SIN1301AU01100002	AU003	JB Lee	31012016	AU	2950.33	2682.12
SIN1302AU01100001	AU003	JB Lee	09022016	AU	2913.9	2649
SIN1401GB000097	GB001	International Distributors Ltd	01012017	GB	450000	375000
SIN1403AU01100004	AU004	Bing Hi Fi Pty Ltd	18032017	AU	2277.88	2070.8
SIN1403AU01100005	AU004	Bing Hi Fi Pty Ltd	18032017	AU	2950.33	2682.12
SIN1403AU01100006	AU004	Bing Hi Fi Pty Ltd	19032017	AU	567.42	515.84
SIN1403AU01100007	AU004	Bing Hi Fi Pty Ltd	25052016	AU	2096.47	1905.88
SIN1403AU01100008	AU003	JB Lee	26062016	AU	2302.43	2093.12
SIN1403GB000082	GB009	ABC Industrial 	30032017	GB	45000	37500
SIN1403GB000098	GB005	Johnson & Brothers Wholesale	25032017	GB	390000	390000
SIN1404GB000049	GB001	International Distributors Ltd	16042017	GB	35.88	29.9
SIN1404GB000050	GB002	Amalgamate Supply plc	16042017	GB	1851.77	1543.14
SIN1404GB000051	GB003	Fun Times Stores (London) Ltd	16042017	GB	617.26	514.38
SIN1404GB000052	GB005	Johnson & Brothers Wholesale	16042017	GB	514.38	514.38
SIN1404GB000053	GB001	International Distributors Ltd	16042017	GB	179.4	149.5
SIN1404GB000054	GB006	Sysco Supply Systems Limited	16042017	GB	2322.58	1935.48
SIN1404GB000055	GB007	Williams & Son Distribution Ltd	16042017	GB	6967.73	5806.44
SIN1404GB000056	GB006	Sysco Supply Systems Limited	16042017	GB	2322.58	1935.48
SIN1404GB000057	GB009	ABC Industrial 	16042017	GB	2322.58	1935.48
SIN1404GB000058	GB007	Williams & Son Distribution Ltd	16042017	GB	617.26	514.38
SIN1404GB000066	GB001	International Distributors Ltd	17042017	GB	171765	143137.5
SIN1404GB000067	GB001	International Distributors Ltd	17042017	GB	492	410
SIN1404GB000068	GB001	International Distributors Ltd	17042017	GB	2460	2050
SIN1404GB000069	GB001	International Distributors Ltd	17042017	GB	2460	2050
SIN1404GB000070	GB001	International Distributors Ltd	17042017	GB	11998.8	9999
SIN1404GB000071	GB003	Fun Times Stores (London) Ltd	17042017	GB	7380	6150
SIN1404GB000072	GB003	Fun Times Stores (London) Ltd	17042017	GB	7380	6150
SIN1404GB000073	GB003	Fun Times Stores (London) Ltd	17042017	GB	5796	4830
SIN1404GB000080	GB011	Computer Products (Bristol) Ltd	17042017	GB	46800	39000
SIN1404GB000081	GB011	Computer Products (Bristol) Ltd	17042017	GB	46800	39000
SIN1404GB000082	GB012	Bike & Toy Products (London) Ltd	17042017	GB	33357.6	27798
SIN1404GB000083	GB012	Bike & Toy Products (London) Ltd	17042017	GB	31581	26317.5
SIN1404GB000084	GB012	Bike & Toy Products (London) Ltd	17042017	GB	31581	26317.5
SIN1404GB000085	GB009	ABC Industrial 	17042017	GB	7809.84	6508.2
SIN1404GB000086	GB009	ABC Industrial 	17042017	GB	7809.84	6508.2
SIN1404GB000087	GB012	Bike & Toy Products (London) Ltd	17042017	GB	89998.2	74998.5
SIN1406GB000083	GB009	ABC Industrial 	25062017	GB	45000	37500
SIN1409GB000084	GB009	ABC Industrial 	30092017	GB	45000	37500
SIN1412GB000053	GB003	Fun Times Stores (London) Ltd	31122017	GB	103.39	86.16
SIN1412GB000054	GB006	Sysco Supply Systems Limited	31122017	GB	1438.14	1198.45
SIN1412GB000059	GB006	Sysco Supply Systems Limited	31122017	GB	0	0
SIN1412GB000085	GB009	ABC Industrial 	25122017	GB	4.31	3.59
SIN1612GB013088	GB009	ABC Industrial 	21122017	GB	9810	8175
SIN1612GB013089	GB009	ABC Industrial 	22122017	GB	16350	13625
SIN1612GB013090	GB002	Amalgamate Supply plc	22122017	GB	6540	5450
ZAINV1404ZA011000001	ZA009	Juliand Bearings Ltd	10042017	NG	37000	37000
ZAINV1404ZA011000002	ZA002	Bearings Africa	10042017	ZA	70.68	62
ZAINV1404ZA011000003	ZA003	Zimbabwe Leaf Tobacco	10042017	ZW	15960	14000
ZAINV1404ZA011000004	ZA004	Bell Equipment Africa	10042017	ZA	6498	5700
ZAINV1404ZA011000005	ZA006	Just Aluminium Limited	10042017	ZM	2337	2050
ZAINV1404ZA011000006	ZA008	Choopies Hyper	10042017	BW	2300	2300
ZAINV1404ZA011000007	ZA006	Just Aluminium Limited	11042017	ZM	2337	2050
ZAINV1404ZA011000008	ZA008	Choopies Hyper	11042017	BW	2300	2300
ZAINV1701ZA011000011	ZA008	Choopies Hyper	07012017	BW	100	100
